cuenta|descri|cta_raiz|cta_niv3|cn_nivel|||
1000000000|ACTIVOS|1000000000||1|||
1100000000|ACTIVOS CORRIENTES|1100000000||2|||
1110000000|EFECTIVO Y/O SU EQUIVALENTE|1100000000|1110000000|3|||
1110010000|CAJA MONEDA NACIONAL|1100000000|1110000000|4|||
1110010100|CAJA MONEDA NACIONAL|1100000000|1110000000|5|||
1110010200|CAJA MONEDA NACIONAL LABORATORIO|1100000000|1110000000|5|||
1110020000|CAJA MONEDA EXTRANJERA |1100000000|1110000000|4|||
1110020100|CAJA MONEDA EXTRANJERA |1100000000|1110000000|5|||
1110030000|CAJA CHICA |1100000000|1110000000|4|||
1110030100|CAJA CHICA MONEDA NACIONAL|1100000000|1110000000|5|||
1110040000|BANCOS|1100000000|1110000000|4|||
1110040100|BANCOS MONEDA NACIONAL|1100000000|1110000000|5|||
1110040101|BANCO UNION CTA. CTE MN  N. 1-52298813|1110040100|1110000000|6|||
1110040102|BANCO GANADERO CTA. CTE MN N. 1311415372|1100000000|1110000000|6|||
1110040103|BANCO FORTALEZA CTA. CTE MN N. 3041005348|1100000000|1110000000|6|||
1110040104|BANCO BISA CTA CTE MN N. 707330015|1100000000|1110000000|6|||
1110040105|BANCO MERCANTIL SANTA CRUZ CTA CTE MN N. 4011117301|1110040100|1110000000|6|||
1110040200|BANCOS MONEDA EXTRANJERA|1100000000|1110000000|5|||
1110040201|BANCO UNION CTA. CTE ME|1100000000|1110000000|6|||
1110040202|BANCO GANADERO CTA. CTE. ME-EUROS -1311565296|1100000000|1110000000|6|||
1110050000|DEPOSITOS A PLAZO FIJO MN|1100000000|1110000000|4|||
1110050100|.|1100000000|1110000000|5|||
1110060000|INVERSIONES A VALOR RAZONABLE|1100000000|1110000000|4|||
1110060100|INVERSIONES TEMPORALES|1100000000|1110000000|5|||
1120000000|EXIGIBLES|1100000000|1120000000|3|||
1120010000|CUENTAS POR COBRAR MN|1100000000|1120000000|4|||
1120010100|CUENTAS POR COBRAR MN|1100000000|1120000000|5|||
1120010200|CUENTAS POR COBRAR COMERCIALES|1100000000|1120000000|5|||
1120010300|FACTURAS POR COBRAR COMERCIALES |1100000000|1120000000|5|||
1120020000|CUENTAS POR COBRAR A EMPRESAS RELACIONADAS|1100000000|1120000000|4|||
1120020100|CUENTAS POR COBRAR EXSMECON|1100000000|1120000000|5|||
1120030000|DOCUMENTOS POR COBRAR|1100000000|1120000000|4|||
1120030100|DOCUMENTOS POR COBRAR|1100000000|1120000000|5|||
1120030200|DOCUMENTOS POR COBRAR COMERCIALES|1100000000|1120000000|5|||
1120030300|DOCUMENTOS  POR COBRAR A EMPRESAS RELACIONADAS|1100000000|1120000000|5|||
1120040000|COBRANZA DUDOSA |1100000000|1120000000|4|||
1120050000|CUENTAS POR COBRAR AL PERSONAL, ACCIONISTAS, SOCIOS Y OTROS|1100000000|1120000000|4|||
1120050100|FONDOS A RENDIR |1100000000|1120000000|5|||
1120050200|FONDOS A RENDIR GERENTES|1100000000|1120000000|5|||
1120050300|ANTICIPO DE SUELDOS |1100000000|1120000000|5|||
1120050301|ANTICIPO DE SUELDOS |1100000000|1120000000|6|||
1120050302|ANTICIPO PERSONAL EVENTUAL|1100000000|1120000000|6|||
1120050400|INTERESES POR COBRAR|1100000000|1120000000|5|||
1120060000|OTRAS CUENTAS POR COBRAR, IMPUESTOS A COMPENSAR  Y DIFERIDOS|1100000000|1120000000|4|||
1120060100|ANTICIPO A PROVEEDORES|1100000000|1120000000|5|||
1120060101|ANTICIPO A PROVEEDORES DE BIENES |1100000000|1120000000|6|||
1120060102|ANTICIPO A PROVEEDORES DE SERVICIOS |1100000000|1120000000|6|||
1120060103|ANTICIPO A PROVEEDORES DE EMPRESAS RELACIONADAS|1100000000|1120000000|6|||
1120060104|ANTICIPOS A SUB CONTRATISTAS |1100000000|1120000000|6|||
1120060105|ANTICIPO A PROVEEDORES|1100000000|1120000000|6|||
1120060200|PROVISION PARA CUENTAS INCOBRABLES|1100000000|1120000000|5|||
1120060300|CREDITO FISCAL IVA|1100000000|1120000000|5|||
1120060301|CREDITO FISCAL IVA|1100000000|1120000000|6|||
1120060400|IMPUESTOS POR RECUPERAR|1100000000|1120000000|5|||
1120060500|CREDITO FISCAL POR RECUPERAR|1100000000|1120000000|5|||
1120060600|PAGOS ANTICIPADOS|1100000000|1120000000|5|||
1120060601|PAGOS ANTICIPADOS|1100000000|1120000000|6|||
1120070000|OTROS ACTIVOS|1100000000|1120000000|4|||
1120070100|CUENTAS POR COBRAR A LARGO PLAZO|1100000000|1120000000|5|||
1120070101|CUENTAS COMERCIALES POR COBRAR A LARGO PLAZO|1100000000|1120000000|6|||
1130000000|INVENTARIOS|1100000000|1130000000|3|||
1130010000|ALMACEN  DE MATERIA PRIMA|1100000000|1130000000|4|||
1130010100|ALMACEN  DE MATERIA PRIMA|1100000000|1130000000|5|||
1130020000|INVENTARIO EN TRANSITO|1100000000|1130000000|4|||
1130020100|INVENTARIO EN TRANSITO|1100000000|1130000000|5|||
1130030000|ALMACEN DE PRODUCTOS EN PROCESO|1100000000|1130000000|4|||
1130030100|ALMACEN DE PRODUCTOS EN PROCESO|1100000000|1130000000|5|||
1130040000|ALMACEN DE PRODUCTOS TERMINADOS|1100000000|1130000000|4|||
1130040100|ALMACEN DE PRODUCTOS TERMINADOS|1100000000|1130000000|5|||
1130050000|PROVISION PARA OBSOLESCENCIAS|1100000000|1130000000|4|||
1130050100|PROVISION PARA OBSOLESCENCIAS|1100000000|1130000000|5|||
1130060000|ALMACEN DE MATERIALES E INSUMOS |1100000000|1130000000|4|||
1130060100|ALMACEN DE MATERIALES E INSUMOS |1100000000|1130000000|5|||
1130070000|ALMACEN DE  INSUMOS DE LABORATORIO |1100000000|1130000000|4|||
1130070100|ALMACEN DE  INSUMOS DE LABORATORIO |1100000000|1130000000|5|||
1130080000|ALMACEN  DE REPUESTOS|1100000000|1130000000|4|||
1130080100|ALMACEN DE REPUESTOS|1100000000|1130000000|5|||
1130090000|OTROS INVENTARIOS|1100000000|1130000000|4|||
1130090100|OTROS INVENTARIOS|1100000000|1130000000|5|||
1130100000|ALMACEN DE ALIMENTOS PERECEDEROS Y NO PERECEDEROS |1100000000|1130000000|4|||
1130100100|ALMACEN DE ALIMENTOS PERECEDEROS Y NO PERECEDEROS |1100000000|1130000000|5|||
1130110000|ALMACEN DE MATERIALES PARA PRODUCCION|1100000000|1130000000|4|||
1130110100|ALMACEN DE MATERIALES PARA PRODUCCION|1100000000|1130000000|5|||
1130120000|ALMACEN DE EPP E INDUMENTARIA|1100000000|1130000000|4|||
1130120100|ALMACEN DE EPP E INDUMENTARIA|1100000000|1130000000|5|||
1200000000|ACTIVOS NO CORRIENTES|1200000000||2|||
1210000000|PROPIEDAD PLANTA Y EQUIPO (ACTIVO FIJO)|1200000000|1210000000|3|||
1210010000|TERRENOS|1200000000|1210000000|4|||
1210010100|TERRENOS|1200000000|1210000000|5|||
1210020000|EDIFICIOS|1200000000|1210000000|4|||
1210020100|EDIFICIOS|1200000000|1210000000|5|||
1210030000|DEPRECIACION ACUMULADA EDIFICIO|1200000000|1210000000|4|||
1210030100|DEPRECIACION ACUMULADA EDIFICIO|1200000000|1210000000|5|||
1210040000|MAQUINARIAS|1200000000|1210000000|4|||
1210040100|MAQUINARIA  LIVIANA|1200000000|1210000000|5|||
1210040200|MAQUINARIA PESADA|1200000000|1210000000|5|||
1210040300|MAQUINARIA PARA PRODUCCION|1200000000|1210000000|5|||
1210050000|DEPRECIACION ACUMULADA MAQUINARIAS|1200000000|1210000000|4|||
1210050100|DEPRECIACION ACUMULADA MAQUINARIA LIVIANA|1200000000|1210000000|5|||
1210050200|DEPRECIACION ACUMULADA MAQUINARIA PESADA|1200000000|1210000000|5|||
1210050300|DEPRECIACION ACUMULADA MAQUINARIA PAR PRODUCCION|1200000000|1210000000|5|||
1210060000|HERRAMIENTAS Y UNIDADES DE REEMPLAZO|1200000000|1210000000|4|||
1210070000|DEPRECIACION ACUMULADA MAQUINARIA  DE HERRAMIENTAS|1200000000|1210000000|4|||
1210080000|VEHICULOS|1200000000|1210000000|4|||
1210080100|VEHICULOS|1200000000|1210000000|5|||
1210090000|DEPRECIACION ACUMULADA VEHICULOS|1200000000|1210000000|4|||
1210090100|DEPRECIACION ACUMULADA VEHICULOS|1200000000|1210000000|5|||
1210100000|MUEBLES Y ENSERES|1200000000|1210000000|4|||
1210100100|MUEBLES Y ENSERES|1200000000|1210000000|5|||
1210110000|DEPRECIACION ACUMULADA MUEBLES Y ENSERES|1200000000|1210000000|4|||
1210110100|DEPRECIACION ACUMULADA MUEBLES Y ENSERES|1200000000|1210000000|5|||
1210120000|EQUIPOS DE COMPUTACION|1200000000|1210000000|4|||
1210120100|EQUIPOS DE COMPUTACION|1200000000|1210000000|5|||
1210130000|DEPRECIACION ACUMULADA EQUIPOS DE COMPUTACION|1200000000|1210000000|4|||
1210130100|DEPRECIACION ACUMULADA EQUIPOS DE COMPUTACION|1200000000|1210000000|5|||
1210140000|HERRAMIENTAS EN GENERAL|1200000000|1210000000|4|||
1210140100|HERRAMIENTAS EN GENERAL|1200000000|1210000000|5|||
1210150000|DEPRECIACION ACUMULADA  DE HERRAMIENTA EN GENERAL|1200000000|1210000000|4|||
1210150100|DEPRECIACION ACUMULADA  DE HERRAMIENTA EN GENERAL|1200000000|1210000000|5|||
1210160000|EQUIPOS E INSTALACION DE LABORATORIO|1200000000|1210000000|4|||
1210160100|EQUIPOS E INSTALACION DE LABORATORIO|1200000000|1210000000|5|||
1210170000|DEPRECIACION ACUMULADA DE EQUIPOS E INSTALACION DE|1200000000|1210000000|4|||
1210180100|DEPRECIACION ACUMULADA DE EQUIPOS E INSTALACION DE|1200000000|1210000000|5|||
1210190000|EQUIPO TELEFONICO|1200000000|1210000000|4|||
1210190100|EQUIPO TELEFONICO|1200000000|1210000000|5|||
1210200000|DEPRECIACION ACUMULADA DE EQUIPO TELEFONICO|1200000000|1210000000|4|||
1210210100|DEPRECIACION ACUMULADA DE EQUIPO TELEFONICO|1200000000|1210000000|5|||
1210220000|EQUIPO DE IMPRESION|1200000000|1210000000|4|||
1210220100|EQUIPO DE IMPRESION|1200000000|1210000000|5|||
1210230000|DEPRECIACION ACUMULADA DE IMPRESIÓN|1200000000|1210000000|4|||
1210230100|DEPRECIACION ACUMULADA DE IMPRESIÓN|1200000000|1210000000|5|||
1210240000|MENAJE DE COCINA|1200000000|1210000000|4|||
1210240100|MENAJE DE COCINA|1200000000|1210000000|5|||
1210250000|DEPRECIACION ACUMULADA MENAJE DE COCINA|1200000000|1210000000|4|||
1210250100|DEPRECIACION ACUMULADA MENAJE DE COCINA|1200000000|1210000000|5|||
1210260000|EQUIPOS ELECTRICOS|1200000000|1210000000|4|||
1210270100|EQUIPOS ELECTRICOS|1200000000|1210000000|5|||
1210280000|DEPRECIACION ACUMULADA DE EQUIPOS ELECTRICOS|1200000000|1210000000|4|||
1210280100|DEPRECIACION ACUMULADA DE EQUIPOS ELECTRICOS|1200000000|1210000000|5|||
1210290000|INSTALACIONES|1200000000|1210000000|4|||
1210290100|INSTALACIONES|1200000000|1210000000|5|||
1210300000|DEPRECIACION ACUMULADO DE INSTALACIONES|1200000000|1210000000|4|||
1210300100|DEPRECIACION ACUMULADO DE INSTALACIONES|1200000000|1210000000|5|||
1210310000|EQUIPOS E INSTALACIONES EN GENERAL|1200000000|1210000000|4|||
1210310100|EQUIPOS E INSTALACIONES EN GENERAL|1200000000|1210000000|5|||
1210320000|DEPECIACION ACUMULADA EN EQUIPOS E INSTALACIONES EN GENERAL |1200000000|1210000000|4|||
1210320100|DEPECIACION ACUMULADA EN EQUIPOS E INSTALACIONES EN GENERAL |1200000000|1210000000|5|||
1210330000|TINGLADOS Y COBERTIZOS DE METAL|1200000000|1210000000|4|||
1210330100|TINGLADOS Y COBERTIZOS DE METAL|1200000000|1210000000|5|||
1210340000|DEPECIACION ACUMULADA EN TINGLADOS Y COBERTIZOS DE METAL|1200000000|1210000000|4|||
1210340100|DEPECIACION ACUMULADA EN TINGLADOS Y COBERTIZOS DE METAL|1200000000|1210000000|5|||
1210350000|SILOS, ALMACENES Y GALPONES|1200000000|1210000000|4|||
1210350100|SILOS, ALMACENES Y GALPONES|1200000000|1210000000|5|||
1210360000|DEPECIACION ACUMULADA EN SILOS, ALMACENES Y GALPONES|1200000000|1210000000|4|||
1210360100|DEPECIACION ACUMULADA EN SILOS, ALMACENES Y GALPONES|1200000000|1210000000|5|||
1240000000|PROPIEDADES DE INVERSION|1200000000|1240000000|3|||
1250000000|ACTIVOS INTANGIBLES|1200000000|1250000000|3|||
1250010000|PATENTES Y MARCAS|1200000000|1250000000|4|||
1250010100|PATENTES Y MARCAS|1200000000|1250000000|5|||
1250020000|AMORTIZACION ACUMULADA PATENTES Y MARCAS|1200000000|1250000000|4|||
1250020100|AMORTIZACION ACUMULADA PATENTES Y MARCAS|1200000000|1250000000|5|||
1250030000|DERECHOS DE LLAVE|1200000000|1250000000|4|||
1250030100|DERECHOS DE LLAVE|1200000000|1250000000|5|||
1250040000|AMORTIZACION ACUMULADA DERECHO DE LLAVE|1200000000|1250000000|4|||
1250040100|AMORTIZACION ACUMULADA DERECHO DE LLAVE|1200000000|1250000000|5|||
1260000000|INVERSIONES PERMANENTES|1200000000|1260000000|3|||
1260000100|INVERSIONES PERMANENTES|1200000000|1260000000|5|||
1260000101|INVERSIONES PERMANENTES|1200000000|1260000000|6|||
1270000000|ACTIVOS DIFERIDOS|1200000000|1270000000|3|||
1280000000|OTROS ACTIVOS NO CORRIENTES|1200000000|1280000000|3|||
2000000000|PASIVOS|2000000000||1|||
2100000000|PASIVOS CORRIENTES|2100000000||2|||
2110000000|OBLIGACIONES A PAGAR|2100000000|2110000000|3|||
2110010000|CUENTAS POR PAGAR|2100000000|2110000000|4|||
2110010100|CUENTAS POR PAGAR|2100000000|2110000000|5|||
2110010200|CUENTAS POR PAGAR COMERCIALES|2100000000|2110000000|5|||
2110010300|CUENTAS POR PAGAR PROVEEDORES DE BIENES |2100000000|2110000000|5|||
2110010400|CUENTAS POR PAGAR PROVEEDORES DE SERVICIOS |2100000000|2110000000|5|||
2110010500|CUENTAS POR PAGAR OTROS|2100000000|2110000000|5|||
2110010600|CUENTAS POR PAGAR PRESTAMOS EXSMECON|2100000000|2110000000|5|||
2110020000|DOCUMENTOS POR PAGAR|2100000000|2110000000|4|||
2110020100|DOCUMENTOS POR PAGAR|2100000000|2110000000|5|||
2120000000|OBLIGACIONES BANCARIAS Y FINANCIERAS A CORTO PLAZO|2100000000|2120000000|3|||
2120010000|PRESTAMOS BANCARIOS A CORTO PLAZO|2100000000|2120000000|4|||
2120010100|PRESTAMOS BANCARIOS A CORTO PLAZO|2100000000|2120000000|5|||
2120020000|OTROS PASIVOS FINANCIEROS|2100000000|2120000000|4|||
2120020100|OTROS PASIVOS FINANCIEROS|2100000000|2120000000|5|||
2120030000|INTERESES POR PAGAR|2100000000|2120000000|4|||
2120030100|INTERESES POR PAGAR|2100000000|2120000000|5|||
2120030200|POLIZAS POR PAGAR|2100000000|2120000000|5|||
2130000000|OBLIGACIONES SOCIALES Y FISCALES|2100000000|2130000000|3|||
2130010000|SUELDOS POR PAGAR|2100000000|2130000000|4|||
2130010100|SUELDOS POR PAGAR|2100000000|2130000000|5|||
2130020000|BENEFICIOS SOCIALES POR PAGAR|2100000000|2130000000|4|||
2130020100|PROVISION PARA AGUINALDOS  POR PAGAR|2100000000|2130000000|5|||
2130020200|FINIQUITOS POR PAGAR|2100000000|2130000000|5|||
2130030000|CARGAS SOCIALES|2100000000|2130000000|4|||
2130030100|CARGAS SOCIALES|2100000000|2130000000|5|||
2130030200|FONDO SOCIAL |2100000000|2130000000|5|||
2130030300|AFPS|2100000000|2130000000|5|||
2130030400|APORTES PATRONALES POR PAGAR - GESTORA PUBLICA|2100000000|2130000000|5|||
2130030500|APORTES PATRONALES POR PAGAR - CPS|2100000000|2130000000|5|||
2130030600|APORTES LABORALES POR PAGAR - GESTORA PUBLICA|2100000000|2130000000|5|||
2140000000|TRIBUTOS POR PAGAR|2100000000|2140000000|3|||
2140010000|DEBITO FISCAL - IVA|2100000000|2140000000|4|||
2140010100|DEBITO FISCAL - IVA|2100000000|2140000000|5|||
2140020000|IMPUESTO A LAS TRANSACCIONES POR PAGAR|2100000000|2140000000|4|||
2140020100|IMPUESTO A LAS TRANSACCIONES POR PAGAR|2100000000|2140000000|5|||
2140030000|IMPUESTO SOBRE LAS UTILIDADES DE LAS EMPRESAS POR PAGAR|2100000000|2140000000|4|||
2140030100|IMPUESTO SOBRE LAS UTILIDADES DE LAS EMPRESAS POR PAGAR|2100000000|2140000000|5|||
2140040000|RETENCIONES POR PAGAR|2100000000|2140000000|4|||
2140040100|RETENCIONES IUE FORM.570 POR PAGAR|2100000000|2140000000|5|||
2140040200|RETENCIONES RC-IVA FORM 604 POR PAGAR |2100000000|2140000000|5|||
2140040300|RETENCIONES RC-IVA FORM 608 POR PAGAR|2100000000|2140000000|5|||
2140040400|REGALIAS MINERAS POR PAGAR|2100000000|2140000000|5|||
2140040500|RETENCIONES POR PAGAR CAJA NACIONAL DE SALUD|2100000000|2140000000|5|||
2150000000|OTROS IMPUESTOS POR PAGAR|2100000000|2150000000|3|||
2150010000|IMPUESTOS MUNICIPALES POR PAGAR|2100000000|2150000000|4|||
2150010100|IMPUESTOS MUNICIPALES POR PAGAR|2100000000|2150000000|5|||
2150020000|IMPUESTO NACIONAL A LA PROPIEDAD DE BIENES INMUEBLES POR PAGAR|2100000000|2150000000|4|||
2150020100|IMPUESTO NACIONAL A LA PROPIEDAD DE BIENES INMUEBLES POR PAGAR|2100000000|2150000000|5|||
2160000000|PROVISIONES|2100000000|2160000000|3|||
2160010000|INGRESOS DIFERIDOS|2100000000|2160000000|4|||
2160010100|INGRESOS DIFERIDOS|2100000000|2160000000|5|||
2160020000|IVA CREDITO FISCAL POR RECAUDAR|2100000000|2160000000|4|||
2160020100|IVA CREDITO FISCAL POR RECAUDAR|2100000000|2160000000|5|||
2170000000|OTROS PASIVOS CORRIENTES|2100000000|2170000000|3|||
2170010000|CUENTAS POR PAGAR EMPRESAS RELACIONADAS|2100000000|2170000000|4|||
2170010100|CUENTAS POR PAGAR EMPRESAS RELACIONADAS|2100000000|2170000000|5|||
2180000000|ANTICIPOS DE CLIENTES|2100000000|2180000000|3|||
2180010000|ANTICIPO DE CLIENTES POR VENTAS |2100000000|2180000000|4|||
2180010100|ANTICIPOS POR VENTAS|2100000000|2180000000|5|||
2180010200|ANTICIPO POR OTRAS VENTAS|2100000000|2180000000|5|||
2180020100|ANTICIPO POR VENTA DE FIERROS, CHATRRAS Y OTROS|2100000000|2180000000|5|||
2200000000|PASIVOS NO CORRIENTES|2200000000||2|||
2210000000|OBLIGACIONES BANCARIAS Y FINANCIERAS A LARGO PLAZO|2200000000|2210000000|3|||
2210010000|PRESTAMOS BANCARIOS A LARGO PLAZO|2200000000|2210000000|4|||
2210010100|PRESTAMOS BANCARIOS A LARGO PLAZO|2200000000|2210000000|5|||
2210020000|OTROS PASIVOS FINANCIEROS A LARGO PLAZO|2200000000|2210000000|4|||
2210020100|CUENTAS POR PAGAR A LARGO PLAZO|2200000000|2210000000|5|||
2210020200|DOCUMENTOS POR PAGAR A LARGO PLAZO|2200000000|2210000000|5|||
2210020300|CUENTAS POR PAGAR A EMPRESAS RELACIONADAS A LARGO |2200000000|2210000000|5|||
2220000000|PREVISION PARA BENEFICIOS SOCIALES (INDEMNIZACIONES|2200000000|2220000000|3|||
2220010000|PREVISION INDEMNIZACION|2200000000|2220000000|4|||
2220010100|PREVISION INDEMNIZACION POR PAGAR |2200000000|2220000000|5|||
2230000000|OTROS PASIVOS NO CORRIENTES|2200000000|2230000000|3|||
3000000000|PATRIMONIO|3000000000||1|||
3100000000|CAPITAL SOCIAL|3100000000||2|||
3110000000|CAPITAL SOCIAL PAGADO|3100000000|3110000000|3|||
3110100000|CAPITAL SOCIAL PAGADO|3100000000|3110000000|4|||
3110100100|CAPITAL SOCIAL PAGADO|3100000000|3110000000|5|||
3200000000|APORTES POR CAPITALIZAR|3200000000||2|||
3210000000|APORTES POR CAPITALIZAR|3200000000|3110000000|3|||
3210010000|APORTES POR CAPITALIZAR|3200000000|3210000000|4|||
3210010100|APORTES POR CAPITALIZAR|3200000000|3210000000|5|||
3300000000|RESERVAS POR REVALUOS TECNICOS|3300000000||2|||
3310000000|RESERVAS POR REVALUOS TECNICOS|3300000000|3110000000|3|||
3400000000|RESERVAS|3400000000||2|||
3410000000|RESERVA LEGAL|3400000000|3110000000|3|||
3500000000|AJUSTES AL PATRIMONIO|3500000000||2|||
3510000000|AJUSTES AL PATRIMONIO|3500000000|3110000000|3|||
3600000000|AJUSTE DE CAPITAL|3600000000||2|||
3610000000|AJUSTE DE CAPITAL|3600000000|3110000000|3|||
3700000000|APORTES NO CAPITALIZABLES|3700000000||2|||
3710000000|APORTES NO CAPITALIZABLES|3700000000|3110000000|3|||
3800000000|RESULTADOS ACUMULADOS|3800000000||2|||
3810000000|Utilidades Acumuladas|3800000000|3810000000|3|||
3810100000|Utilidades Acumuladas|3800000000|3810000000|4|||
3820000000|UTILIDADES DEL PERIODO O GESTION|3800000000|3820000000|3|||
3820100000|Utilidades del periodo o gestion|3800000000|3820000000|4|||
3830000000|(PERDIDAS ACUMULADAS)|3800000000|3830000000|3|||
3830100000|(PERDIDAS ACUMULADAS)|3800000000|3830000000|4|||
3840000000|(PERDIDAS DEL PERIODO O GESTION)|3800000000|3840000000|3|||
3840100000|(Perdidas del periodo o gestion)|3800000000|3840000000|4|||
4000000000|INGRESOS|4000000000||1|||
4100000000|INGRESOS ORDINARIOS|4100000000||2|||
4110000000|VENTAS|4100000000|4110000000|3|||
4110010000|VENTA DE MOLIENDA Y GRANULADO MINERALES NO METALICOS|4100000000|4110000000|4|||
4110010100|VENTA DE MOLIENDA Y GRANULADO ULEXITA|4100000000|4110000000|5|||
4110010200|VENTA DE MOLIENDA YESO AGRICOLA|4100000000|4110000000|5|||
4110010300|VENTA DE ROCA FOSFORICA Y CALSITA |4100000000|4110000000|5|||
4110010400|VENTA DE BENTONITA Y BARITINA |4100000000|4110000000|5|||
4110020000|VENTA DE FERTILIZANTES|4100000000|4110000000|4|||
4110020100|VENTA DE FERTILIZANTES|4100000000|4110000000|5|||
4120000000|DEVOLUCIONES, REBAJAS Y DESCUENTOS DE BIENES Y/O SE|4100000000|4120000000|3|||
4120000100|DEVOLUCION PROVEEDORES DE BIENES |4100000000|4120000000|5|||
4120000200|DEVOLUCION PROVEEDORES DE SERVICIOS|4100000000|4120000000|5|||
4130000000|DESCUENTO EN COMPRAS|4100000000|4130000000|3|||
4130010000|DESCUENTO EN COMPRAS|4100000000|4130000000|4|||
4130010100|DESCUENTO EN COMPRAS|4100000000|4130000000|5|||
4130010200|DEVOLUCION EN COMPRAS|4100000000|4130000000|5|||
4140000000|INGRESOS FINANCIEROS|4100000000|4140000000|3|||
4140010000|INTERESES SOBRE DEPOSITOS BANCARIOS|4100000000|4140000000|4|||
4140010100|INTERESES SOBRE DEPOSITOS BANCARIOS|4100000000|4140000000|5|||
4140020000|INTERESES DE INVERSIONES TEMPORALES|4100000000|4140000000|4|||
4140020100|INTERESES DE INVERSIONES TEMPORALES|4100000000|4140000000|5|||
4140030000|OTROS INGRESOS FINANCIEROS|4100000000|4140000000|4|||
4140040000|AJUSTE POR INFLACION Y TENENCIA DE BIENES|4100000000|4140000000|4|||
4140040100|AJUSTE POR INFLACION Y TENENCIA DE BIENES|4100000000|4140000000|5|||
4150000000|OTROS INGRESOS|4100000000|4150000000|3|||
4150010000|INGRESOS POR SERVICIOS DE LABORATORIO|4100000000|4150000000|4|||
4150010100|INGRESOS POR SERVICIOS DE LABORATORIO|4100000000|4150000000|5|||
4150020000|INGRESOS POR VENTA DE VALORES|4100000000|4150000000|4|||
4150020100|INGRESOS POR VENTA DE VALORES|4100000000|4150000000|5|||
4150030000|OTROS INGRESOS POR VENTAS |4100000000|4150000000|4|||
4150030100|VENTAS DE FIERROS CHATARRAS Y OTROS|4100000000|4150000000|5|||
4150040000|OTROS INGRESOS|4100000000|4150000000|4|||
4150040100|OTROS INGRESOS|4100000000|4150000000|5|||
4150040200|INGRESO POR DEVOLUCIÓN DE REGALÍAS MINERAS|4100000000|4150000000|5|||
4150040300|DONACIONES PERSONALES |4100000000|4150000000|5|||
4150050000|INGRESOS POR SERVICIOS PRESTADOS|4100000000|4150000000|4|||
4150050100|INGRESOS POR SERVICIOS PRESTADOS TRANSPORTE INTERDEPARTAMENTAL|4100000000|4150000000|5|||
4150050200|INGRESOS POR SERVICIOS PRESTADOS TRANSPORTE DEPARTAMENTAL|4100000000|4150000000|5|||
4150050300|INGRESO POR SERVICIO DE PESAJE EN BALANZA|4150050000|4150000000|5|||
4150050400|INGRESO POR SERVICIO DE MAQUILADO |4150050000|4150000000|5|||
4200000000|INGRESOS EXTRAORDINARIOS|4000000000||2|||
4210000000|INGRESOS EXTRAORDINARIOS|4200000000|4210000000|3|||
4210010000|DIFERENCIA DE CAMBIO|4200000000|4210000000|4|||
4210010100|DIFERENCIA DE CAMBIO|4200000000|4210000000|5|||
5000000000|EGRESOS|5000000000||1|||
5200000000|COSTO DE VENTAS |5000000000||2|||
5210000000|FLETES Y TRANSPORTES|5200000000|5210000000|3|||
5210010000|FLETES Y TRANSPORTES DE PRODUCTOS Y MATERIALES|5200000000|5210000000|4|||
5210010100|FLETES Y TRANSPORTES  DE MATERIA PRIMA |5200000000|5210000000|5|||
5210010200|FLETES Y TRANSPORTES DE PRODUCTOS TERMINADOS|5200000000|5210000000|5|||
5210010210|FLETES Y TRANSPORTES DE PRODUCTOS TERMINADOS ULEXITA|5210010200|5210000000|6|||
5210010220|FLETES Y TRANSPORTES DE PRODUCTOS TERMINADOS FORMULADO DE YESO AGRICOLA|5210010200|5210000000|6|||
5210010230|FLETES Y TRANSPORTES DE PRODUCTOS TERMINADOS ROCA FOSFORICA|5210010200|5210000000|6|||
5210010240|FLETES Y TRANSPORTES DE PRODUCTOS TERMINADOS YESO AGRICOLA|5210010200|5210000000|6|||
5210010300|FLETES Y TRANSPORTES EN GENERAL|5200000000|5210000000|5|||
5210020000|DEVOLUCION EN COMPRAS|5200000000|5210000000|4|||
5210020100|DEVOLUCION EN COMPRAS|5200000000|5210000000|5|||
5210030000|DESCUENTOS SOBRE VENTAS|5200000000|5210000000|4|||
5210030100|DESCUENTOS SOBRE VENTAS|5200000000|5210000000|5|||
5210040000|COSTO DE PRODUCTOS DAÑADOS|5200000000|5210000000|4|||
5210040100|COSTO DE PRODUCTOS DAÑADOS|5200000000|5210000000|5|||
5210050000|GASTOS DE ESTADIA EN FRONTERA|5200000000|5210000000|4|||
5210050100|PESAJE DE PRODUCTOS TERMINADOS|5200000000|5210000000|5|||
5210060000|DESCUENTO SOBRE SERVICIOS|5210000000||4|||
5210060100|GASTOS DE ESTADIA EN FRONTERA|5210050000|5210000000|5|||
5210060200|DESCUENTO SOBRE SERVICIOS|5210060000|5210000000|5|||
5300000000|COSTO DE PRODUCCION|5300000000||2|||
5310000000|MATERIAL DIRECTO|5300000000|5310000000|3|||
5310010000|MATERIA PRIMA |5300000000|5310000000|4|||
5310010100|ROCA FOSFORICA|5300000000|5310000000|5|||
5310010200|CALCITA|5300000000|5310000000|5|||
5310010300|YESO AGRICOLA|5300000000|5310000000|5|||
5310010400|BARITINA|5300000000|5310000000|5|||
5310010500|ULEXITA|5300000000|5310000000|5|||
5310010600|DOLOMITA|5300000000|5310000000|5|||
5310010700|LEONARDITA|5300000000|5310000000|5|||
5310010800|PIEDRA CALIZA|5300000000|5310000000|5|||
5310010900|AGLOMERANTES DE PRODUCCION|5300000000|5310000000|5|||
5310011000|MERMAS|5300000000|5310000000|5|||
5310011001|MERMAS Y DESPERDICIOS EN MATERIAS PRIMAS|5300000000|5310000000|6|||
5310020000|OTROS GASTOS DE FABRICACION|5300000000|5310000000|4|||
5310030000|MERMAS Y DESPERDICIOS EN PRODUCTOS TERMINADOS|5300000000|5310000000|4|||
5310030100|MERMAS Y DESPERDICIOS EN PRODUCTOS TERMINADOS|5300000000|5310000000|5|||
5310040000|MERMAS Y DESPERDICIOS EN PRODUCTOS REPROCESADOS|5300000000|5310000000|4|||
5310040100|MERMAS Y DESPERDICIOS EN PRODUCTOS REPROCESADOS|5300000000|5310000000|5|||
5320000000|MANO DE OBRA |5300000000|5320000000|3|||
5320010000|MANO DE OBRA DIRECTA|5300000000|5320000000|4|||
5320010100|SUELDOS Y SALARIOS |5300000000|5320000000|5|||
5320010200|BENEFICIOS SOCIALES|5300000000|5320000000|5|||
5320010300|AGUINALDOS PRODUCCION|5300000000|5320000000|5|||
5320010400|INDEMNIZACIONES PRODUCCION|5300000000|5320000000|5|||
5320010500|BONOS AL PERSONAL DE PRODUCCION|5300000000|5320000000|5|||
5320020000|MANO DE OBRA INDIRECTA|5300000000|5320000000|4|||
5320020100|PERSONAL EVENTUAL|5300000000|5320000000|5|||
5320020200|SUB CONTRATISTAS |5300000000|5320000000|5|||
5320020300|SERVICIOS PRESTADOS POR TERCEROS|5300000000|5320000000|5|||
5330000000|COSTOS INDIRECTOS DE FABRICACION|5300000000|5330000000|3|||
5330010000|SERVICIOS BASICOS|5300000000|5330000000|4|||
5330010100|ENERGIA ELECTRICA |5300000000|5330000000|5|||
5330010101|TASA ALUMBRADO PUBLICO|5300000000|5330000000|6|||
5330010200|GAS|5300000000|5330000000|5|||
5330010300|AGUA PRODUCCION|5300000000|5330000000|5|||
5330010400|INTERNET|5300000000|5330000000|5|||
5330010500|SERVCIO DE ALIMENTACION|5300000000|5330000000|5|||
5330010600|TRANSPORTE PRODUCCION|5300000000|5330000000|5|||
5330020000|MANTENIMIENTO Y REPARACION|5300000000|5330000000|4|||
5330020100|MANTENIMIENTO Y REPARACION MAQUINARIA LIVIANA|5300000000|5330000000|5|||
5330020200|MANTENIMIENTO Y REPARACION MAQUINARIA PESADA|5300000000|5330000000|5|||
5330020300|MANTENIMIENTO Y REPARACION VEHICULOS PRODUCCION|5300000000|5330000000|5|||
5330020400|MANTENIMIENTO Y REPARACION MAQUINARIA DE PRODUCCION|5300000000|5330000000|5|||
5330020500|MANTENIMIENTO Y REPARACION HERRAMIENTAS EN GENERAL|5300000000|5330000000|5|||
5330030000|REPUESTOS Y ACCESORIOS|5300000000|5330000000|4|||
5330030100|REPUESTOS Y ACCESORIOS MAQUINARIA LIVIANA|5300000000|5330000000|5|||
5330030200|REPUESTOS Y ACCESORIOS MAQUINARIA PESADA|5300000000|5330000000|5|||
5330030300|REPUESTOS Y ACCESORIOS VEHICULOS PRODUCCION|5300000000|5330000000|5|||
5330030400|REPUESTOS Y ACCESORIOS PARA MAQUINARIA DE  PRODUCCION|5300000000|5330000000|5|||
5330030500|INSTALACION DE EQUIPOS |5300000000|5330000000|5|||
5330030600|REPUESTOS Y ACCESORIOS DE HERRAMIENTAS Y OTROS|5300000000|5330000000|5|||
5330040000|SEGUROS ADQUIRIDOS|5300000000|5330000000|4|||
5330050000|MATERIALES Y SUMINISTROS|5300000000|5330000000|4|||
5330050100|MATERIALES Y SUMINISTROS |5300000000|5330000000|5|||
5330070000|HERRAMIENTAS|5300000000|5330000000|4|||
5330070100|HERRAMIENTAS|5300000000|5330000000|5|||
5330080000|MATERIAL DE CONSTRUCCION|5300000000|5330000000|4|||
5330080100|MATERIAL DE CONSTRUCCION|5300000000|5330000000|5|||
5330090000|MATERIALES ELECTRICOS|5300000000|5330000000|4|||
5330090100|MATERIALES ELECTRICOS|5300000000|5330000000|5|||
5330100000|COMBUSTIBLES Y LUBRICANTES|5300000000|5330000000|4|||
5330100100|COMBUSTIBLES Y LUBRICANTES PARA SUMNISTRO|5300000000|5330000000|5|||
5330100101|GASOLINA|5300000000|5330000000|6|||
5330100102|DIESEL|5300000000|5330000000|6|||
5330100200|COMBUSTIBLES Y LUBRICANTES VEHICULOS|5300000000|5330000000|5|||
5330100300|LUBRICANTES |5300000000|5330000000|5|||
5330110000|MATERIAL DE LIMPIEZA|5300000000|5330000000|4|||
5330110100|MATERIAL DE LIMPIEZA|5300000000|5330000000|5|||
5330120000|EQUIPO DE PROTECCION PERSONAL (EEPP) PRODUCCION|5300000000|5330000000|4|||
5330120100|ROPA DE TRABAJO PRODUCCION |5300000000|5330000000|5|||
5330120200|EQUIPO DE PROTECCION PERSONAL|5300000000|5330000000|5|||
5330130000|MATERIAL DE ESCRITORIO|5300000000|5330000000|4|||
5330130100|MATERIAL DE ESCRITORIO|5300000000|5330000000|5|||
5330140000|MATERIALES DE EMPAQUE|5300000000|5330000000|4|||
5330140100|MATERIALES DE EMPAQUE|5300000000|5330000000|5|||
5330150000|OTRO GASTOS DE PRODUCCION|5300000000|5330000000|4|||
5330150100|PEAJE PRODUCCION |5300000000|5330000000|5|||
5330150200|ALIMENTOS Y REFRIGERIOS|5300000000|5330000000|5|||
5330150300|GASTOS ORDINARIOS DE REFRIGERIO|5300000000|5330000000|5|||
5330150400|OTRO GASTOS DE PRODUCCION|5300000000|5330000000|5|||
5330150401|PESAJE DE MATERIA PRIMA ULEXITA A GRANEL|5300000000|5330000000|6|||
5330150402|PESAJE DE PRODUCTOS TERMINADOS|5300000000|5330000000|6|||
5330150500|ENVIO Y ENCOMIENDAS|5300000000|5330000000|5|||
5330160000|GASTOS DE INVESTIGACIÓN|5300000000|5330000000|4|||
5330160100|PRUEBAS PILOTO|5300000000|5330000000|5|||
5330160200|PASAJES Y VIATICOS PARA INVESTIGACION |5300000000|5330000000|5|||
5330160300|ENVIO Y ENCOMIENDAS PARA INVESTIGACION|5300000000|5330000000|5|||
5330170000|GASTOS DE LABORATORIO|5300000000|5330000000|4|||
5330170100|ANALISIS EXTERNOS DE LABORATORIO|5300000000|5330000000|5|||
5330170200|.|5300000000|5330000000|5|||
5330180000|DEPRECIACIONES|5300000000|5330000000|4|||
5330180100|DEPRECIACION DE MAQUINARIA|5300000000|5330000000|5|||
5330180101|DEPRECIACION DE MAQUINARIA LIVIANA|5300000000|5330000000|6|||
5330180102|DEPRECIACION DE MAQUINARIA PESADA|5300000000|5330000000|6|||
5330180103|DEPRECIACION DE MAQUINARIA PARA PRODUCCION|5300000000|5330000000|6|||
5330180200|DEPRECIACION DE VEHICULOS|5300000000|5330000000|5|||
5330180300|DEPRECIACIONES DE INSTALACIONES|5300000000|5330000000|5|||
5330180400|DEPRECIACION DE HERRAMIENTAS Y UNIDADES DE REEMPLAZO|5300000000|5330000000|5|||
5330180500|DEPRECIACION DE EDIFICIOS|5300000000|5330000000|5|||
5330180600|DEPRECIACION DE MUEBLES Y ENSERES|5300000000|5330000000|5|||
5330180700|DEPRECIACION DE EQUIPOS DE COMPUTACION|5300000000|5330000000|5|||
5330180800|DEPRECIACION DE EQUIPOS E INSTALACION DE LABORATOR|5300000000|5330000000|5|||
5330180900|DEPRECIACION DE EQUIPOS ELECTRICOS|5300000000|5330000000|5|||
5330181000|DEPRECIACION DE HERRAMIENTAS EN GENERAL|5300000000|5330000000|5|||
5330181100|DEPRECIACION EQUIPOS E INSTALACIONES EN GENERAL|5300000000|5330000000|5|||
5330181200|DEPRECIACION TINGLADOS Y COBERTIZOS DE METAL|5300000000|5330000000|5|||
5330181300|DEPRECIACION SILOS, ALMACENES Y GALPONES|5300000000|5330000000|5|||
5330190000|DEPRECIACIONES DE BIENES DE USO|5300000000|5330000000|4|||
5330200000|ALQUILERES|5300000000|5330000000|4|||
5330200100|ALQUILERES VARIOS |5300000000|5330000000|5|||
5330200200|CARGUIO Y DESCARGUIO|5300000000|5330000000|5|||
5330210000|FABRICACION DE MAQUINAS PROPIAS|5300000000|5330000000|4|||
5330210100|FABRICACION DE MAQUINAS PROPIAS|5300000000|5330000000|5|||
5330210200|ALQUILERES DE MAQUINARIA|5300000000|5330000000|5|||
5330210300|ALQUILER DE VEHICULOS|5300000000|5330000000|5|||
5330220000|PESAJES DE MATERIAL EN GENERAL |5300000000|5330000000|4|||
5330220100|PESAJES DE MATERIAL EN GENERAL |5300000000|5330000000|5|||
5340000000|GASTOS DE COMERCIALIZACION|5300000000|5340000000|3|||
5340010000|SUELDOS Y SALARIOS COMERCIALIZACION|5300000000|5340000000|4|||
5340010100|SUELDOS Y SALARIOS COMERCIALIZACION|5300000000|5340000000|5|||
5340010101|SUELDOS Y SALARIOS VENDEDORES|5300000000|5340000000|6|||
5340020000|BENEFICIOS SOCIALES|5300000000|5340000000|4|||
5340020100|BENEFICIOS SOCIALES|5300000000|5340000000|5|||
5340020200|HORAS EXTRAS|5300000000|5340000000|5|||
5340030000|GASTOS GENERALES DE COMERCIALIZACION|5300000000|5340000000|4|||
5340030100|COMISIONES SOBRE VENTAS|5300000000|5340000000|5|||
5340030200|VIATICOS|5300000000|5340000000|5|||
5340030300|PASAJES COMERCIALIZACION |5300000000|5340000000|5|||
5340030400|TRAMITES Y LEGALIZACIONES DE EXPORTACION|5300000000|5340000000|5|||
5340030500|TRAMITES Y LEGALIZACIONES MERCADO INTERNO |5300000000|5340000000|5|||
5340040000|SERVICIOS BASICOS|5300000000|5340000000|4|||
5340040100|ENERGIA ELECTRICA |5300000000|5340000000|5|||
5340040200|TELEFONO|5300000000|5340000000|5|||
5340040300|INTERNET |5300000000|5340000000|5|||
5340050000|PUBLICIDAD Y PROPAGANDA |5300000000|5340000000|4|||
5340050100|TV/RADIO|5300000000|5340000000|5|||
5340050200|FOLLETERIA  Y BANNERS|5300000000|5340000000|5|||
5340050300|OTRO MATERIALES PUBLICITARIOS|5300000000|5340000000|5|||
5340050400|MARKETING-MERCADEO|5300000000|5340000000|5|||
5340050500|GASTOS DE REPRESENTACION PUBLICIDAD|5300000000|5340000000|5|||
5340060000|DEPRECIACION DE BIENES DE USO|5300000000|5340000000|4|||
5340070000|PERDIDA EN CUENTAS INCOBRABLES|5300000000|5340000000|4|||
5340070100|CUENTAS INCOBRABLES|5300000000|5340000000|5|||
5340080000|OTROS GASTOS DE COMERCIALIZACION|5300000000|5340000000|4|||
5340090000|MERMAS Y BAJAS EN VENTAS|5300000000|5340000000|4|||
5340090100|MERMAS Y BAJAS EN VENTAS|5300000000|5340000000|5|||
5340100000|HONORARIOS PROFESIONALES |5300000000|5340000000|4|||
5340100100|HONORARIOS PROFESIONALES |5300000000|5340000000|5|||
5340110000|SEGUROS ADQUIRIDOS|5300000000|5340000000|4|||
5340110100|SEGUROS ADQUIRIDOS|5300000000|5340000000|5|||
5340140000|DEPRECIACIONES DE ACTIVOS FIJOS|5300000000|5340000000|4|||
5340140100|DEPRECIACION DE EDIFICIOS|5300000000|5340000000|5|||
5340140200|DEPRECIACION DE HERRAMIENTAS Y UNIDADES DE REMPLAZO|5300000000|5340000000|5|||
5340140300|DEPRECIACION DE VEHICULOS|5300000000|5340000000|5|||
5340140400|DEPRECIACION DE MUEBLES Y ENSERES|5300000000|5340000000|5|||
5340140500|DEPRECIACION DE EQUIPOS DE COMPUTACION|5300000000|5340000000|5|||
5340140600|DEPRECIACION DE INSTALACIONES|5300000000|5340000000|5|||
5340140700|DEPRECIACION DE EQUIPOS ELECTRICOS|5300000000|5340000000|5|||
5340140800|DEPRECIACION DE HERRAMIENTAS EN GENERAL|5300000000|5340000000|5|||
5340140900|DEPRECIACION DE EQUIPO TELEFONICO|5300000000|5340000000|5|||
5340141000|DEPRECIACION DE EQUIPO DE IMPRESION|5300000000|5340000000|5|||
5340150000|ALIMENTACION Y REFRIGERIO|5300000000|5340000000|4|||
5340150100|ALIMENTACION Y REFRIGERIO|5300000000|5340000000|5|||
5340160000|PROVISION AGUINALDOS|5300000000|5340000000|4|||
5340160100|AGUINALDOS COMERCIALIZACION|5300000000|5340000000|5|||
5340170000|PREVISION INDEMNIZACIONES|5300000000|5340000000|4|||
5340170100|INDEMNIZACIONES COMERCIALIZACION|5300000000|5340000000|5|||
5340180000|TRANSPORTE COMERCIALIZACION|5300000000|5340000000|4|||
5340180100|TRANSPORTE COMERCIALIZACION|5300000000|5340000000|5|||
5340190000|MANTENIMIENTO Y REPARACION VEHICULOS |5300000000|5340000000|4|||
5340190100|MANTENIMIENTO Y REPARACION VEHICULOS COMERCIALIZACION|5300000000|5340000000|5|||
5340200000|MATERIALES Y SUMINISTROS|5300000000|5340000000|4|||
5340200100|MATERIALES Y SUMINISTROS|5300000000|5340000000|5|||
5340210000|MATERIAL DE ESCRITORIO|5300000000|5340000000|4|||
5340210100|MATERIAL DE ESCRITORIO|5300000000|5340000000|5|||
5340220000|MATERIAL DE LIMPIEZA|5300000000|5340000000|4|||
5340220100|MATERIAL DE LIMPIEZA|5300000000|5340000000|5|||
5340230000|EQUIPO DE PROTECCION EEPP COMERCIALIZACION|5300000000|5340000000|4|||
5340230100|ROPA DE TRABAJO |5300000000|5340000000|5|||
5340240000|COMBUSTIBLES Y LUBRICANTES|5300000000|5340000000|4|||
5340240100|COMBUSTIBLES Y LUBRICANTES|5300000000|5340000000|5|||
5340250000|COMBUSTIBLES Y LUBRICANTES VEHICULOS ADMINISTRACION|5300000000|5340000000|4|||
5340250100|COMBUSTIBLES Y LUBRICANTES VEHICULOS ADMINISTRACION|5300000000|5340000000|5|||
5340260000|EQUIPO DE PROTECCION PERSONAL (EEPP)|5300000000|5340000000|4|||
5340260100|EQUIPO DE PROTECCION PERSONAL (EEPP)|5300000000|5340000000|5|||
5350000000|PROYECTOS|5300000000|5350000000|3|||
5350010000|COMBUSTIBLES Y LUBRICANTES |5300000000|5350000000|4|||
5350010100|COMBUSTIBLES Y LUBRICANTES |5300000000|5350000000|5|||
5350020000|ACCESORIOS Y REPUESTOS |5300000000|5350000000|4|||
5350020100|ACCESORIOS Y REPUESTOS |5300000000|5350000000|5|||
5350030000|MANTENIMIENTO DE MAQUINARIA|5300000000|5350000000|4|||
5350030100|MANTENIMIENTO DE MAQUINARIA|5300000000|5350000000|5|||
5350040000|ALQUILER DE TRANSPORTE |5300000000|5350000000|4|||
5350040100|ALQUILER DE TRANSPORTE |5300000000|5350000000|5|||
5350050000|ALQUILER DE MAQUINARIA PESADA|5300000000|5350000000|4|||
5350050100|ALQUILER DE MAQUINARIA PESADA|5300000000|5350000000|5|||
5350060000|SERVICIO TECNICO|5300000000|5350000000|4|||
5350060100|SERVICIO TECNICO|5300000000|5350000000|5|||
5350070000|SEGURO DE MAQUINARIA|5300000000|5350000000|4|||
5350070100|SEGURO DE MAQUINARIA|5300000000|5350000000|5|||
5350080000|MATERIAL DE CONSTRUCCION |5300000000|5350000000|4|||
5350080100|MATERIAL DE CONSTRUCCION |5300000000|5350000000|5|||
5350090000|MATERIAL DE ESCRITORIO|5300000000|5350000000|4|||
5350090100|MATERIAL DE ESCRITORIO|5300000000|5350000000|5|||
5350100000|MATERIAL DE LIMPIEZA|5300000000|5350000000|4|||
5350100100|MATERIAL DE LIMPIEZA|5300000000|5350000000|5|||
5350110000|ALIMENTACION Y REFRIGERIO|5300000000|5350000000|4|||
5350110100|ALIMENTACION Y REFRIGERIO|5300000000|5350000000|5|||
5350120000|PERSONAL EVENTUAL|5300000000|5350000000|4|||
5350120100|PERSONAL EVENTUAL|5300000000|5350000000|5|||
5350130000|MATERIAL DE PLOMERIA|5300000000|5350000000|4|||
5350130100|MATERIAL DE PLOMERIA|5300000000|5350000000|5|||
5350140000|MATERIALES ELECTRICOS|5300000000|5350000000|4|||
5350140100|MATERIALES ELECTRICOS|5300000000|5350000000|5|||
5350150000|MATERIALES Y SUMINISTROS|5300000000||4|||
5350150100|MATERIALES Y SUMINISTROS|5300000000||5|||
5350160000|EQUIPO DE PROTECCION ALPERSONAL|5300000000||4|||
5350160100|EQUIPO DE PROTECCION ALPERSONAL|5300000000||5|||
5350160200|ROPA DE TRABAJO |5300000000||5|||
5350170000|HERRAMIENTAS A CORTO PLAZO|5350000000||4|||
5350170100|HERRAMIENTAS A CORTO PLAZO|5350000000||5|||
5400000000|COSTOS DE LABORATORIO|5400000000||2|||
5410000000|COSTOS DE LABORATORIO|5400000000|5410000000|3|||
5410010000|SUELDOS Y SALARIOS|5400000000|5410000000|4|||
5410010100|SUELDOS Y SALARIOS LABORATORIO |5400000000|5410000000|5|||
5410020000|BENEFICIOS SOCIALES|5400000000|5410000000|4|||
5410020100|AGUINALDOS LABORATORIO|5400000000|5410000000|5|||
5410020200|INDEMNIZACIONES LABORATORIO|5400000000|5410000000|5|||
5410020300|HORAS EXTRAS|5400000000|5410000000|5|||
5410030000|EQUIPO DE PROTECCION PERSONAL (EEPP) LABORATORIO|5400000000|5410000000|4|||
5410030100|EQUIPO DE PROTECCION|5400000000|5410000000|5|||
5410030200|ROPA DE TRABAJO LABORATORIO|5400000000|5410000000|5|||
5410040000|MATERIALES DE LABORATORIO|5400000000|5410000000|4|||
5410040100|MATERIAL DE PLASTICO|5400000000|5410000000|5|||
5410040200|MATERIAL DE VIDRIO|5400000000|5410000000|5|||
5410040300|MATERIAL DE METAL|5400000000|5410000000|5|||
5410040400|REACTIVOS|5400000000|5410000000|5|||
5410040500|OTROS MATERIALES DE LABORATORIO|5400000000|5410000000|5|||
5410050000|MATERIALES DE LIMPIEZA|5400000000|5410000000|4|||
5410050100|MATERIALES Y SUMINISTROS DE LIMPIEZA|5400000000|5410000000|5|||
5410060000|DEPRECIACION DE BIENES DE USO|5400000000|5410000000|4|||
5410060100|DEPRECIACION DE BIENES DE USO|5400000000|5410000000|5|||
5410070000|DEPRECIACION DE ACTIVOS FIJOS|5400000000|5410000000|4|||
5410070100|DEPRECIACION DE EDIFICIOS|5400000000|5410000000|5|||
5410070200|DEPRECIACION DE HERRAMIENTAS Y UNIDADES DE REMPLAZO|5400000000|5410000000|5|||
5410070300|DEPRECIACION DE VEHICULOS|5400000000|5410000000|5|||
5410070400|DEPRECIACION DE MUEBLES Y ENSERES|5400000000|5410000000|5|||
5410070500|DEPRECIACION DE EQUIPOS DE COMPUTACION|5400000000|5410000000|5|||
5410070600|DEPRECIACION DE INSTALACIONES|5400000000|5410000000|5|||
5410070700|DEPRECIACION DE EQUIPOS ELECTRICOS|5400000000|5410000000|5|||
5410070800|DEPRECIACION DE HERRAMIENTAS EN GENERAL|5400000000|5410000000|5|||
5410070900|DEPRECIACION DE EQUIPO TELEFONICO|5400000000|5410000000|5|||
5410071000|DEPRECIACION DE EQUIPO DE IMPRESION|5400000000|5410000000|5|||
5410071100|DEPRECIACION DE EQUIPOS E INSTALACION DE LABORATORIO|5400000000|5410000000|5|||
5410080000|ACCESORIOS Y REPUESTOS EQUIPO  E INSTALACION LABORATORIO|5400000000|5410000000|4|||
5410080100|ACCESORIOS Y REPUESTOS EQUIPO  E INSTALACION LABORATORIO|5400000000|5410000000|5|||
5410090000|SERVICIOS BASICOS|5400000000|5410000000|4|||
5410090100|ENERGIA ELECTRICA|5400000000|5410000000|5|||
5410090200|INTERNET|5400000000|5410000000|5|||
5410090300|TELEFONO|5400000000|5410000000|5|||
5410090400|AGUA LABORATORIO|5400000000|5410000000|5|||
5420000000|OTROS GASTOS DE LABORATORIO|5400000000|5420000000|3|||
5420010000|TRAMITES Y LEGALIZACIONES |5400000000|5420000000|4|||
5420010100|TRAMITES Y LEGALIZACIONES |5400000000|5420000000|5|||
5420020000|ENVIO Y ENCOMIENDAS|5400000000|5420000000|4|||
5420020100|ENVIO Y ENCOMIENDAS|5400000000|5420000000|5|||
5420030000|HONORARIOS PROFESIONALES |5400000000|5420000000|4|||
5420030100|HONORARIOS PROFESIONALES |5400000000|5420000000|5|||
5420040000|ANALISIS EXTERNOS|5400000000|5420000000|4|||
5420040100|ANALISIS EXTERNOS|5400000000|5420000000|5|||
5420050000|VIATICOS|5400000000|5420000000|4|||
5420050100|VIATICOS|5400000000|5420000000|5|||
5420060000|PASAJES|5400000000|5420000000|4|||
5420060100|PASAJES|5400000000|5420000000|5|||
5420070000|PUBLICIDAD|5400000000|5420000000|4|||
5420070100|PUBLICIDAD|5400000000|5420000000|5|||
5420080000|HONORARIOS PROFESIONALES |5400000000|5420000000|4|||
5420080100|HONORARIOS PROFESIONALES |5400000000|5420000000|5|||
5420090000|ALIMENTOS Y REFRIGERIOS|5400000000|5420000000|4|||
5420090100|ALIMENTOS Y REFRIGERIOS|5400000000|5420000000|5|||
5420100000|TRANSPORTE LABORATORIO|5400000000|5420000000|4|||
5420100100|TRANSPORTE LABORATORIO|5400000000|5420000000|5|||
5420110000|MANTENIMIENTO Y REPARACION |5400000000|5420000000|4|||
5420110100|MANTENIMIENTO Y REPARACION EQUIPOS DE LABORATORIO|5400000000|5420000000|5|||
5420110200|MANTENIMIENTO Y REPARACION EQUIPOS DEVEHICULOS|5400000000|5420000000|5|||
5420120000|AJUSTES( TODO LO RELAC. A LABORATORIO)|5400000000|5420000000|4|||
5420120100|AJUSTES( TODO LO RELAC. A LABORATORIO)|5400000000|5420000000|5|||
5420130000|MATERIALES Y SUMINISTROS|5400000000|5420000000|4|||
5420130100|MATERIALES Y SUMINISTROS|5400000000|5420000000|5|||
5420130200|REPUESTOS Y ACCESORIOS PARA EQUIPOS DE LABORATORIO|5400000000|5420000000|5|||
5420140000|COMBUSTIBLES Y LUBRICANTES VEHICULOS|5400000000|5420000000|4|||
5420140100|COMBUSTIBLES Y LUBRICANTES |5400000000|5420000000|5|||
5420150000|SEGUROS|5400000000|5420000000|4|||
5420150100|SEGUROS|5400000000|5420000000|5|||
5420160000|MATERIAL DE ESCRITORIO|5400000000|5420000000|4|||
5420160100|MATERIAL DE ESCRITORIO|5400000000|5420000000|5|||
5420170000|GASTOS DE SALUD|5400000000|5420000000|4|||
5420170100|GASTOS DE SALUD|5400000000|5420000000|5|||
5500000000|GASTOS GENERALES DE ADMINISTRACION|5500000000||2|||
5510000000|GASTOS DEL PERSONAL|5500000000|5510000000|3|||
5510010000|SUELDOS Y SALARIOS|5500000000|5510000000|4|||
5510010100|SUELDOS Y SALARIOS ADMINISTRACION CONTABLE|5500000000|5510000000|5|||
5510010200|SUELDOS Y SALARIOS INVESTIGACION|5500000000|5510000000|5|||
5510010300|SUELDOS Y SALARIOS RECURSOS HUMANOS|5500000000|5510000000|5|||
5510010400|SUELDOS Y SALARIOS ALMACEN|5500000000|5510000000|5|||
5510010500|SUELDOS Y SALARIOS PERSONAL DE LIMPIEZA|5500000000|5510000000|5|||
5510010600|SUELDOS Y SALARIOS SEGURIDAD|5500000000|5510000000|5|||
5510010700|SUELDOS Y SALARIOS COMEDOR|5500000000|5510000000|5|||
5510010800|SUELDOS Y SALARIOS DISEÑO Y MONTAJE|5500000000|5510000000|5|||
5510010900|SUELDOS Y SALARIOS DIRECTORIO|5500000000|5510000000|5|||
5510011000|SUELDOS Y SALARIOS MATERIA PRIMA|5500000000|5510000000|5|||
5510011100|SUELDOS Y SALARIOS ASESORIA LEGAL |5500000000|5510000000|5|||
5510011200|SUELDOS Y SALARIOS  SEGURIDAD INDUSTRIAL|5500000000|5510000000|5|||
5510011300|SUELDOS Y SALARIOS ASISTENTE GERENCIA |5500000000|5510000000|5|||
5510020000|BENEFICIOS SOCIALES|5500000000|5510000000|4|||
5510020100|BENEFICIOS SOCIALES|5500000000|5510000000|5|||
5510030000|PROVISION AGUINALDOS|5500000000|5510000000|4|||
5510030100|AGUINALDOS ADMINISTRACION|5500000000|5510000000|5|||
5510030200|AGUINALDOS OTROS|5500000000|5510000000|5|||
5510040000|PREVISION INDEMNIZACIONES|5500000000|5510000000|4|||
5510040100|INDEMNIZACIONES ADMINISTRACION|5500000000|5510000000|5|||
5510050000|PERSONAL EVENTUAL ADMINISTRACION|5500000000|5510000000|4|||
5510050100|PERSONAL EVENTUAL ADMINISTRACION|5500000000|5510000000|5|||
5510060000|DESAHUCIO|5500000000|5510000000|4|||
5510060100|DESAHUCIO|5500000000|5510000000|5|||
5510070000|INDEMNIZACION POR ANTIGUEDAD|5500000000|5510000000|4|||
5510070100|INDEMNIZACION POR ANTIGUEDAD|5500000000|5510000000|5|||
5510080000|HORAS EXTRAS Y DOMINICALES|5500000000|5510000000|4|||
5510080100|HORAS EXTRAS Y DOMINICALES|5500000000|5510000000|5|||
5510090000|ASIGNACIONES FAMILIARES|5500000000|5510000000|4|||
5510090100|ASIGNACIONES FAMILIARES|5500000000|5510000000|5|||
5510090200|SUBSIDIOS Y LACTANCIA |5500000000|5510000000|5|||
5510100000|PRIMAS|5500000000|5510000000|4|||
5510100100|PRIMAS|5500000000|5510000000|5|||
5510110000|COMPENSACION VACACIONES|5500000000|5510000000|4|||
5510110100|COMPENSACION VACACIONES|5500000000|5510000000|5|||
5510120000|APORTES CARGAS SOCIALES|5500000000|5510000000|4|||
5510120100|APORTES LABORALES - GESTORA PUBLICA|5500000000|5510000000|5|||
5510120200|INTERESES Y RECARGOS POR CARGAS SOCIALES|5500000000|5510000000|5|||
5510120300|APORTES PATRONALES - GESTORA PUBLICA|5500000000|5510000000|5|||
5510120400|APORTES PATRONALES - CPS|5500000000|5510000000|5|||
5510130000|HOSPEDAJE|5500000000|5510000000|4|||
5510130100|HOSPEDAJE|5500000000|5510000000|5|||
5510140000|GASTOS DE FESTEJO|5500000000|5510000000|4|||
5510140100|GASTOS DE FESTEJO|5500000000|5510000000|5|||
5510150000|ALIMENTOS Y REFRIGERIOS|5500000000|5510000000|4|||
5510150100|ALIMENTOS Y REFRIGERIOS|5500000000|5510000000|5|||
5510160000|PASAJES Y VIATICOS|5500000000|5510000000|4|||
5510160100|PASAJES Y VIATICOS|5500000000|5510000000|5|||
5510160200|PASAJES|5500000000|5510000000|5|||
5510170000|MATERIAL DE LIMPIEZA|5500000000|5510000000|4|||
5510170100|MATERIAL DE LIMPIEZA|5500000000|5510000000|5|||
5510180000|MATERIAL DE ESCRITORIO|5500000000|5510000000|4|||
5510180100|MATERIAL DE ESCRITORIO|5500000000|5510000000|5|||
5510190000|EQUIPO DE PROTECCION PERSONAL EEPP ADMINISTRACION|5500000000|5510000000|4|||
5510190100|ROPA DE TRABAJO ADMINISTRACION |5500000000|5510000000|5|||
5510190200|EQUIPO DE PROTECCION PERSONAL EEPP |5500000000|5510000000|5|||
5510200000|FLETES Y TRANSPORTE|5500000000|5510000000|4|||
5510200100|FLETES Y TRANSPORTE|5500000000|5510000000|5|||
5510210000|SUMINISTROS DE OFICINA|5500000000|5510000000|4|||
5510210100|SUMINISTROS DE OFICINA|5500000000|5510000000|5|||
5510220000|MATERIAL DE CONSTRUCCION|5500000000|5510000000|4|||
5510220100|MATERIAL DE CONSTRUCCION|5500000000|5510000000|5|||
5510230000|MANTENIMIENTO Y REPARACION EQUIPOS DE COMPUTACION|5500000000|5510000000|4|||
5510230100|MANTENIMIENTO Y REPARACION EQUIPOS DE COMPUTACION|5500000000|5510000000|5|||
5510240000|SERVICIOS BASICOS|5500000000|5510000000|4|||
5510240100|ENERGIA ELECTRICA |5500000000|5510000000|5|||
5510240101|TASA DE ALUMBRADO PUBLICO|5500000000|5510000000|6|||
5510240200|INTERNET|5500000000|5510000000|5|||
5510240300|TELEFONO|5500000000|5510000000|5|||
5510240400|GAS|5500000000|5510000000|5|||
5510240500|AGUA ADMINISTRACION|5500000000|5510000000|5|||
5510250000|MATERIALES ELECTRICOS|5500000000|5510000000|4|||
5510250100|MATERIALES ELECTRICOS|5500000000|5510000000|5|||
5510260000|COMBUSTIBLES Y LUBRICANTES |5500000000|5510000000|4|||
5510260100|COMBUSTIBLES Y LUBRICANTES VEHICULOS |5500000000|5510000000|5|||
5510270000|COMBUSTIBLE Y LUBRICANTES|5500000000|5510000000|4|||
5510270100|COMBUSTIBLE Y LUBRICANTES|5500000000|5510000000|5|||
5510280000|FLETES Y CARGUIOS |5500000000|5510000000|4|||
5510280100|FLETES Y CARGUIOS |5500000000|5510000000|5|||
5510290000|GASTOS DE COMIDA |5500000000|5510000000|4|||
5510290001|OTROS GASTOS DE COMIDA|5500000000|5510000000|6|||
5510290100|GASTOS DE COMIDA |5500000000|5510000000|5|||
5510300000|ACCESORIOS Y REPUESTOS|5500000000|5510000000|4|||
5510300100|ACCESORIOS Y REPUESTOS VEHICULOS ADMINISTRACION|5500000000|5510000000|5|||
5510300200|ACCESORIOS Y REPUESTOS EQUIPOS DE COMPUTACION |5500000000|5510000000|5|||
5510300300|ACCESORIOS Y REPUESTOS ADMINISTRACION|5500000000|5510000000|5|||
5510300400|ACCESORIOS Y REPUESTOS  RETROEXCAVADORA|5500000000|5510000000|5|||
5510310000|OTROS GASTOS DE ADMINISTRACION|5500000000|5510000000|4|||
5510310100|TRAMITES Y LEGALIZACIONES ADMINISTRACION|5500000000|5510000000|5|||
5510310200|ENVIO Y ENCOMIENDAS |5500000000|5510000000|5|||
5510310300|FOTOCOPIAS Y ANILLADOS E IMPRESIONES|5500000000|5510000000|5|||
5510310400|GASTOS ADICIONALES DE IMPORTACIÓN |5500000000|5510000000|5|||
5510310500|OTROS GASTOS DE ADMINISTRACION|5500000000|5510000000|5|||
5510320000|SERVICIOS CONTRATADOS|5500000000|5510000000|4|||
5510320100|TRANSPORTE ADMINISTRACION|5500000000|5510000000|5|||
5510320200|ASESORIA LEGAL EXTERNA|5500000000|5510000000|5|||
5510320300|SERVICIO DE AUDITORIA EXTERNA|5500000000|5510000000|5|||
5510320400|SERVICIO DE SEGURIDAD Y PESAJE|5500000000|5510000000|5|||
5510320500|SERVICIOS TELEFONICOS COORPORATIVOS|5500000000|5510000000|5|||
5510320600|SERVICIOS TELEFONICOS RED WIFI|5500000000|5510000000|5|||
5510320700|SERVICIOS CONTRATADOS|5500000000|5510000000|5|||
5510320800|APLICACIONES INFORMATICAS|5500000000|5510000000|5|||
5510320900|SERVICIOS EXTERNOS |5500000000|5510000000|5|||
5510330000|HONORARIOS PROFESIONALES|5500000000|5510000000|4|||
5510330100|HONORARIOS PROFESIONALES SENASAG |5500000000|5510000000|5|||
5510330200|HONORARIOS PROFESIONALES DESARROLLADOR SOFTWARE|5500000000|5510000000|5|||
5510330300|HONORARIOS PROFESIONALES CONTADORES EXTERNOS|5500000000|5510000000|5|||
5510330400|HONORARIOS PROFESIONALES OTROS|5500000000|5510000000|5|||
5510340000|MANTENIMIENTO Y REPARACION|5500000000|5510000000|4|||
5510340100|MANTENIMIENTO Y REPARACION EQUIPOS DE COMPUTACION|5500000000|5510000000|5|||
5510340200|MANTENIMIENTO Y REPARACION MUEBLES Y ENSERES|5500000000|5510000000|5|||
5510340300|MANTENIMIENTO Y REPARACION EDIFICACIONES|5500000000|5510000000|5|||
5510340400|MANTENIMIENTO Y REPARACION VEHICULOS |5500000000|5510000000|5|||
5510340500|MANTENIMIENTO Y REPARACION DE INSTALACIONES EN GENERAL |5500000000|5510000000|5|||
5510350000|DEPRECIACIONES|5500000000|5510000000|4|||
5510350100|DEPRECIACION DE BIENES DE USO|5500000000|5510000000|5|||
5510350101|DEPRECIACION DE BIENES DE USO|5500000000|5510000000|6|||
5510350200|DEPRECIACION DE ACTIVOS FIJOS|5500000000|5510000000|5|||
5510350201|DEPRECIACION DE EDIFICIOS|5500000000|5510000000|6|||
5510350202|DEPRECIACION DE HERRAMIENTAS Y UNIDADES DE REMPLAZO|5500000000|5510000000|6|||
5510350203|DEPRECIACION DE VEHICULOS|5500000000|5510000000|6|||
5510350204|DEPRECIACION DE MUEBLES Y ENSERES|5500000000|5510000000|6|||
5510350205|DEPRECIACION DE EQUIPOS DE COMPUTACION|5500000000|5510000000|6|||
5510350206|DEPRECIACION DE INSTALACIONES|5500000000|5510000000|6|||
5510350207|DEPRECIACION DE EQUIPOS ELECTRICOS|5500000000|5510000000|6|||
5510350208|DEPRECIACION DE HERRAMIENTAS EN GENERAL|5500000000|5510000000|6|||
5510350209|DEPRECIACION DE EQUIPO TELEFONICO|5500000000|5510000000|6|||
5510350210|DEPRECIACION DE EQUIPO DE IMPRESION|5500000000|5510000000|6|||
5510350211|DEPRECIACION DE MENAJE DE COCINAMENAJE DE COCINA|5500000000|5510000000|6|||
5510360000|ALQUILERES|5500000000|5510000000|4|||
5510360100|ALQUILERES INMUEBLES |5500000000|5510000000|5|||
5510360200|ALQUILERES VARIOS|5500000000|5510000000|5|||
5510360300|ALQUILER DE VEHICULOS|5500000000|5510000000|5|||
5510360400|ALQUILERES POR SERVICIOS INFORMATIVOS |5500000000|5510000000|5|||
5510370000|SEGUROS|5500000000|5510000000|4|||
5510370100|SEGUROS|5500000000|5510000000|5|||
5510380000|MENSUALIDADES|5500000000|5510000000|4|||
5510380100|MENSUALIDAD CADEXCO|5500000000|5510000000|5|||
5510380200|MENSUALIDAD AEIS|5500000000|5510000000|5|||
5510400000|GASTOS GENERALES |5500000000|5510000000|4|||
5510400100|GASTOS GENERALES |5500000000|5510000000|5|||
5510400200|GASTOS DE SALUD|5500000000|5510000000|5|||
5510400201|GASTOS DE SALUD MEDICOS Y FARMACEUTICOS|5500000000|5510000000|6|||
5510400202|BOTIQUIN|5500000000|5510000000|6|||
5510410100|SERVICIOS DE LIMPIEZA|5500000000|5510000000|5|||
5510420000|INTERES POR MORA|5500000000|5510000000|4|||
5510420100|INTERES POR MORA|5500000000|5510000000|5|||
5510430000|ALIMENTO PARA PERROS |5500000000|5510000000|4|||
5510430100|ALIMENTO PARA PERROS |5500000000|5510000000|5|||
5510430200|GASTOS DE VETERINARIO|5500000000|5510000000|5|||
5510440000|ANUNCIOS Y PUBLICACIONES|5500000000|5510000000|4|||
5510440100|ANUNCIOS Y PUBLICACIONES|5500000000|5510000000|5|||
5510450000|MULTAS E INCUMPLIMIENTO DE CONTRATO|5500000000|5510000000|4|||
5510450100|MULTAS E INCUMPLIMIENTO DE CONTRATO|5500000000|5510000000|5|||
5510460000|BONOS AL PERSONAL|5500000000|5510000000|4|||
5510460100|BONOS A LOS SOCIOS |5500000000|5510000000|5|||
5510460200|BONOS POR PASANTIA|5500000000|5510000000|5|||
5510470000|MANTENIMIENTO DE VALOR|5500000000|5510000000|4|||
5510470100|MANTENIMIENTO DE VALOR|5500000000|5510000000|5|||
5510500000|CAPACITACIONES|5500000000|5510000000|4|||
5510500100|CAPACITACIONES LABORATORIO|5500000000|5510000000|5|||
5510500200|CAPACITACIONES EN GENERAL |5500000000|5510000000|5|||
5510600000|PEAJES|5500000000|5510000000|4|||
5510600100|PEAJES|5500000000|5510000000|5|||
5520000000|GASTOS FINANCIEROS|5500000000|5520000000|3|||
5520010000|INTERESES SOBRE PRESTAMOS BANCARIOS|5500000000|5520000000|4|||
5520010100|INTERESES SOBRE PRESTAMOS BANCARIOS|5500000000|5520000000|5|||
5520020000|INTERESES SOBRE OTRAS OBLIGACIONES FINANCIERAS|5500000000|5520000000|4|||
5520020100|INTERESES SOBRE OTRAS OBLIGACIONES FINANCIERAS|5500000000|5520000000|5|||
5520020300|INTERESES FINANCIEROS CON TERCEROS|5500000000|5520000000|5|||
5520030000|OTROS INTERESES|5500000000|5520000000|4|||
5520040000|COMISIONES BANCARIAS|5500000000|5520000000|4|||
5520040100|COMISIONES BANCARIAS|5500000000|5520000000|5|||
5520050000|OTROS GASTOS FINANCIEROS|5500000000|5520000000|4|||
5520050100|CARGO POR CHEQUERA|5500000000|5520000000|5|||
5520050200|GASTOS POR POLIZAS DE SEGUROS|5500000000|5520000000|5|||
5530000000|GASTOS EXTRAORDINARIOS|5500000000|5530000000|3|||
5530010000|OTROS GASTOS NO OPERATIVOS|5500000000|5530000000|4|||
5530010100|AJUSTE POR INFLACION Y TENENCIA DE BIENES|5500000000|5530000000|5|||
5530010200|DIFERENCIA DE CAMBIO|5500000000|5530000000|5|||
5530010201|DIFERENCIA DE CAMBIO|5500000000|5530000000|6|||
5530010300|OTROS GASTOS|5500000000|5530000000|5|||
5530010301|DIFERENCIA DE REDONDEO|5500000000|5530000000|6|||
5530010400|INDEMNIZACION POR DAÑOS Y PERJUICIOS|5500000000|5530000000|5|||
5530010500|COMISIONES EXTRAORDINARIAS|5500000000|5530000000|5|||
5530020000|CUENTAS INCOBRABLES|5500000000|5530000000|4|||
5530020100|CUENTAS INCOBRABLES|5500000000|5530000000|5|||
5540000000|GASTOS GENERALES|5500000000|5540000000|3|||
5540010000|ARTICULOS DADOS DE BAJA|5500000000|5540000000|4|||
5540010100|ARTICULOS DADOS DE BAJA|5500000000|5540000000|5|||
5540010200|GASTOS DE REPRESENTACION|5500000000|5540000000|5|||
5550000000|DONACIONES|5500000000|5550000000|3|||
5550010000|DONACIONES|5500000000|5550000000|4|||
5550010100|DONACIONES|5500000000|5550000000|5|||
5560000000|TRACTOCAMION|5500000000|5560000000|3|||
5560010000|COMBUSTIBLE TRACTOCAMION|5500000000|5560000000|4|||
5560010100|COMBUSTIBLE TRACTOCAMION|5500000000|5560000000|5|||
5560020000|PEAJES TRACTOCAMION|5500000000|5560000000|4|||
5560020100|PEAJES TRACTOCAMION|5500000000|5560000000|5|||
5560030000|HOSPEDAJE TRACTOCAMION|5500000000|5560000000|4|||
5560030100|HOSPEDAJE TRACTOCAMION|5500000000|5560000000|5|||
5560040000|VIATICOS TRACTOCAMION|5500000000|5560000000|4|||
5560040100|VIATICOS TRACTOCAMION|5500000000|5560000000|5|||
5560050000|ACCESORIOS Y REPUESTOS TRACTOCAMION|5500000000|5560000000|4|||
5560050100|ACCESORIOS Y REPUESTOS TRACTOCAMION|5500000000|5560000000|5|||
5560060000|MANTENIMIENTO TRACTOCAMION|5500000000|5560000000|4|||
5560060100|MANTENIMIENTO TRACTOCAMION|5500000000|5560000000|5|||
5560070000|ALQUILERES TRACTOCAMION|5500000000|5560000000|4|||
5560070100|ALQUILERES TRACTOCAMION|5500000000|5560000000|5|||
5560080000|OTROS GASTOS TRACTOCAMION|5500000000|5560000000|4|||
5560080100|OTROS GASTOS TRACTOCAMION|5500000000|5560000000|5|||
5560080200|PONTONES TRACTOCAMION|5560080000|5560000000|5|||
5560090000|TRAMITES Y LEGALIZACIONES TRACTOCAMION|5500000000|5560000000|4|||
5560090100|TRAMITES Y LEGALIZACIONES TRACTOCAMION|5500000000|5560000000|5|||
5560100000|COMISION CARGA TRACTOCAMION|5500000000|5560000000|4|||
5560100100|COMISION CARGA TRACTOCAMION|5500000000|5560000000|5|||
5570000000|IMPUESTOS, TASAS Y PATENTES|5500000000|5570000000|3|||
5570010000|IMPUESTOS NACIONALES|5500000000|5570000000|4|||
5570010100|IMPUESTO AL VALOR AGREGADO|5500000000|5570000000|5|||
5570010200|IMPUESTOS A LAS TRANSACCIONES|5500000000|5570000000|5|||
5570010300|IMPUESTO A LAS TRANSACCIONES FINANCIERAS |5500000000|5570000000|5|||
5570020000|IMPUESTOS DEPARTAMENTALES|5500000000|5570000000|4|||
5570030000|IMPUESTOS MUNICIPALES|5500000000|5570000000|4|||
5570030100|IMPUESTO MUNICIPAL A LA PROPIEDAD DE VEHICULOS AUTOMOTORES TERRESTRES|5500000000|5570000000|5|||
5570030200|IMPUESTO MUNICIPAL A LA PROPIEDAD DE BIENES INMUEBLES|5570030000|5570000000|5|||
5580000000|GESTIONES VETAS|5500000000||3|||
5580010000|GESTIONES EXPLORACION DE NUEVAS VETAS|5580000000|5580000000|4|||
5580010100|VIATICOS EXPLORACION|5580010000|5580000000|5|||
5580010200|SOCIALIZACION COMUNARIOS|5580010000|5580000000|5|||
5580010300|PEAJES EXPLORACIONES|5580010000|5580000000|5|||
5580010400|HOSPEDAJE EXPLORACIONES|5580010000|5580000000|5|||
5580010500|COMBUSTIBLE EN EXPLORACIONES|5580010000|5580000000|5|||
